source,Advisors,Aqurirers,Busniesses
beacon-equity-advisors-advises-high-output-on-acquisition-by-willistown-capital,beacon equity advisors , high output , willistown capital
business-exits-advises-finger-lakes-consulting-group-in-acquisition-by-shoreview,business exits , finger lakes consulting group , shoreview
ms-capital-advises-knight-agency-in-acquisition-by-meraki-investments-llc,ms capital , knight agency , meraki investments llc
adena-business-advisors-advises-the-little-gym-in-acquisition-by-taurus-capital-partners,adena business advisors , the little gym , taurus capital partners
praxis-business-brokers-advises-premiere-property-services-inc-in-acquisition-by-nextgen-growth-partners,praxis business brokers , premiere property services inc , nextgen growth partners
hughes-klaiber-advises-vitamin-bounty-on-acquisition-by-pharmex-direct-inc,hughes klaiber , vitamin bounty , pharmex direct inc
alden-advisors-advises-cadient-in-acquisition-by-basis-vectors,alden advisors , cadient , basis vectors
indiana-business-advisors-advisors-roy-padgett-sales-llc-in-acquisition-by-rannerdale-capital,indiana business advisors advisors roy padgett sales llc in acquisition by rannerdale capital,unchecked,unchecked
transact-capital-partners-advises-pos-global-concepts-on-acquisition-by-baymark-partners,transact capital partners , pos global concepts , baymark partners
northview-advisors-advises-wathco-inc-on-acquisition-by-garden-city-companies,northview advisors , wathco inc , garden city companies
caswell-vlachos-group-advises-poolweb-on-acquisition-by-cottonwood-acquisitions,caswell vlachos group , poolweb , cottonwood acquisitions
k2-securities-advises-es-solar-on-acquisition-by-applied-value-group,k2 securities , es solar , applied value group
bridgepoint-investment-banking-advises-temco-logistics-in-acquisition-by-the-home-depot,bridgepoint investment banking , temco logistics , the home depot
new-direction-partners-advises-gerald-printing-on-acquisition-by-purpose-group,new direction partners , gerald printing , purpose group
foucs-investment-banking-advises-metaltech-service-center-in-acquisition-by-newbury-franklin-industrials,foucs investment banking , metaltech service center , newbury franklin industrials
transworld-business-advisors-advises-knc-technologies-in-acquisition-by-hidden-harbor-capital-partners,transworld business advisors , knc technologies , hidden harbor capital partners
apex-business-advisors-advises-kansas-city-fire-security-on-acquisition-by-marmic-fire-safety,apex business advisors , kansas city fire security , marmic fire safety
rosebiz-advises-business-solution-partners-on-acquisition-by-columbia-river-partners,rosebiz , business solution partners , columbia river partners
benchmark-international-advises-wa-imports-on-acquisition-by-forever-cheese,benchmark international , wa imports , forever cheese
gallagher-fluid-seals-inc-acquired-charts-ltd,NA,gallagher fluid seals inc , charts ltd
purpose-equity-advises-palmetto-adhesives-on-acquisition-by-sidereal-capital-group,purpose equity , palmetto adhesives , sidereal capital group
peregrine-advisors-advises-secure-nursing-service-inc-on-acquisition-by-kingsway-financial-services,peregrine advisors , secure nursing service inc , kingsway financial services
bristol-group-advises-ace-on-acquisition-by-cmg,bristol group , ace , cmg
vista-business-group-advises-chestnut-consulting-on-acquisition-by-baymark-partners,vista business group , chestnut consulting , baymark partners
kratos-capital-advises-dakotaland-auto-glass-on-acquisition-by-west-edge-partners,kratos capital , dakotaland auto glass , west edge partners
cbi-team-advises-acords-home-center-on-acquisition-by-cmg-companies-bolster-hardware,cbi team , acords home center , cmg companies bolster hardware
everingham-kerr-inc-advises-promptworks-on-acquisition-by-jll-partners,everingham kerr inc , promptworks , jll partners
tennessee-business-brokers-advises-ascension-property-services-on-acquisition-by-southworth-capital,tennessee business brokers , ascension property services , southworth capital
murphy-business-advises-checkbox-on-acquisition-by-polychrome-capital,murphy business , checkbox , polychrome capital
sunbelt-business-brokers-advises-gundlachs-service-on-acquisition-by-cardone-equity-group,sunbelt business brokers , gundlachs service , cardone equity group
black-diamond-realty-service-advises-alpha-general-on-acquisition-by-rox-capital,black diamond realty service , alpha general , rox capital
link-business-advises-commercev3-on-acquisition-by-basis-vectors,link business , commercev3 , basis vectors
bmi-mergers-acquisitions-advises-tomco-mechanical-on-acquisition-by-alvarez-marsal-capital-partners,bmi mergers acquisitions , tomco mechanical , alvarez marsal capital partners
thielgroup-llc-advises-karner-psychological-associates-on-acquisition-by-cm-counsel-management,thielgroup llc , karner psychological associates , cm counsel management
venture-7-advisors-advises-turtle-fur-on-acquisition-by-camano-capital,venture 7 advisors , turtle fur , camano capital
ohare-management-advises-becker-health-on-acquisition-by-424-capital,ohare management , becker health , 424 capital
nuvescor-group-advises-ieq-industries-on-acquisition-by-gallagher-fluid-seals-inc,nuvescor group , ieq industries , gallagher fluid seals inc
white-wolf-capital-supports-sundog-capital-in-the-platform-acquisition-of-stryker,white wolf capital supports sundog capital in the platform acquisition of stryker,unchecked,unchecked
executive-business-brokers-of-montana-advises-confidential-portable-toilet-septic-company-in-acquisition-by-stone-road-partners,executive business brokers of montana , confidential portable toilet septic company , stone road partners
executive-business-brokers-of-montana-advises-confidential-septic-tank-service-portable-toilet-rentals-company-in-acquisition-by-stone-road-partners,executive business brokers of montana , confidential septic tank service portable toilet rentals company , stone road partners
exit-partners-advises-miroc-imports-on-acquisition-by-wj-partners,exit partners , miroc imports , wj partners
auctus-capital-partners-supports-gradient-cyber-in-securing-financing-from-revtek-capital,auctus capital partners supports gradient cyber in securing financing from revtek capital,unchecked,unchecked
international-business-exchange-advises-syntervision-on-acquisition-by-airiam-ventures,international business exchange , syntervision , airiam ventures
ceo-ally-advises-knack-global-on-its-investment-form-weave-growth-partners,ceo ally , knack global on its investment form weave growth partners,uncheched exeption
evangeline-partners-advises-the-gauge-house-on-acquisition-by-marigny-investments,evangeline partners , the gauge house , marigny investments
focus-investment-banking-advises-strolleria-on-acquisition-by-weave-growth-partners,focus investment banking , strolleria , weave growth partners
exit-partners-advises-linkage-design-on-acquisition-by-mechdyne-corporation,exit partners , linkage design , mechdyne corporation
clayton-capital-partners-advises-pacific-west-on-acquisition-by-bluejay-capital-partners,clayton capital partners , pacific west , bluejay capital partners
rosebiz-advises-b2b-enterprise-marketing-services-firm-on-acquisition-by-a-global-bulge-bracket-investment-bank,rosebiz , b2b enterprise marketing services firm , a global bulge bracket investment bank
generational-equity-advises-bogey-free-llc-in-its-sale-to-baymark-partners,generational equity , bogey free llc in its sale to baymark partners,uncheched exeption
mountain-summit-advisors-advises-vorro-on-acquisition-by-basis-vectors,mountain summit advisors , vorro , basis vectors
btsi-advises-am-equipment-on-its-acquisition-by-ilion-capital-partners,btsi , am equipment on its acquisition by ilion capital partners,uncheched exeption
radford-capital-planning-advises-perimeter-security-partners-in-recapitalization-by-rock-gate-partners,radford capital planning , perimeter security partners in recapitalization by rock gate partners,uncheched exeption
evolution-capital-partners-makes-investment-in-new-jersey-environmental-services-firm,evolution capital partners makes investment in new jersey environmental services firm,unchecked,unchecked
baker-group-ma-consultants-advises-state-mechanical-services-on-acquisition-by-amalgam-capital,baker group ma consultants , state mechanical services , amalgam capital
gentry-company-advises-scruggs-on-acquisition-by-rox-capital,gentry company , scruggs , rox capital
asa-ventures-group-advises-healthcare-building-solutions-on-partnership-with-latticework-capital-management,asa ventures group , healthcare building solutions on partnership with latticework capital management,uncheched exeption
peak-technology-partners-advises-revenue-grid-on-investment-from-w3capital,peak technology partners , revenue grid on investment from w3capital,uncheched exeption
generational-equity-advises-hampton-roads-mechanical-of-virginia-in-its-sale-to-amalgam-capital,generational equity , hampton roads mechanical of virginia in its sale to amalgam capital,uncheched exeption
schwartz-co-advise-national-bronze-mfg-on-acquisition-by-hummock-industries,schwartz co advise national bronze mfg on acquisition by hummock industries,unchecked,unchecked
lakeside-partners-advises-weller-recreation-on-its-recapitalization-by-affiliates-of-white-brush-capital,lakeside partners , weller recreation on its recapitalization by affiliates of white brush capital,uncheched exeption
fairchild-capital-partners-announces-acquisition-of-kitnipbox-cat-subscription-service,fairchild capital partners announces acquisition of kitnipbox cat subscription service,unchecked,unchecked
exit-partners-advises-crimson-steel-supply-on-acquisition-by-argonaut-private-equity,exit partners , crimson steel supply , argonaut private equity
emerge-ma-advises-jensen-plumbing-heating-on-acquisition-by-eagle-hill-partners,emerge ma , jensen plumbing heating , eagle hill partners
corporate-fuel-advises-allos-environmental-on-investment-from-columbia-pacific-business-finance,corporate fuel , allos environmental on investment from columbia pacific business finance,uncheched exeption
peakstone-advises-cranston-trucking-on-sale-to-avocet-holdings,peakstone , cranston trucking on sale to avocet holdings,uncheched exeption
impact-acquisition-advises-home-instead-on-acquisition-by-trailcreek-capital-group,impact acquisition , home instead , trailcreek capital group
capital-alignment-partners-makes-investment-in-philadelphia-based-home-health-agency-aging-with-comfort,capital alignment partners makes investment in philadelphia based home health agency aging with comfort,unchecked,unchecked
edgepoint-capital-advises-cable-manufacturing-and-assembly-on-acquisition-by-torque-capital-group,edgepoint capital , cable manufacturing and assembly , torque capital group
keystone-advises-pacific-register-company-on-its-acquisition-by-cottonwood,keystone , pacific register company on its acquisition by cottonwood,uncheched exeption
clariti-strategic-advises-cormorant-atlantic-utility-services-corporation-on-acquisition-by-pilot-wave-holdings,clariti strategic , cormorant atlantic utility services corporation , pilot wave holdings
sdr-ventures-advises-scapath-and-spinnaker-scs-on-acquisition-by-black-lake-capital,sdr ventures , scapath and spinnaker scs , black lake capital
midcap-advises-the-eye-health-group-on-its-acquisition-by-beverly-capital,midcap , the eye health group on its acquisition by beverly capital,uncheched exeption
focus-investment-banking-represents-stonebridge-consulting-in-acquisition-by-sierra-digital,focus investment banking represents stonebridge consulting in acquisition by sierra digital,unchecked,unchecked
utah-business-consultants-advises-jq-medical-supply-on-acquisition-by-tacoma-holdings,utah business consultants , jq medical supply , tacoma holdings
shaughnessy-group-advises-interpump-on-acquisition-by-summit-ridge-capital,shaughnessy group , interpump , summit ridge capital
midmarket-capital-advises-ed-mehlman-and-associates-on-acquisition-by-enduring-ventures,midmarket capital , ed mehlman and associates , enduring ventures
envest-private-equity-acquires-bells-and-williams-associates-advised-by-generational-equity,NA,envest private equity , bells and williams associates advised by generational equity
wd-holdings-acquires-bpi-information-systems-advised-by-it-exchangenet,NA,wd holdings , bpi information systems advised by it exchangenet
philadelphia-investment-group-advises-aetna-felt-corp-on-acquisition-by-industrial-opportunity-partners-portfolio-company-creative-foam-2,philadelphia investment group , aetna felt corp , industrial opportunity partners portfolio company creative foam 2
jack-farris-advises-undisclosed-label-packaging-company-on-acquisition-by-heartwood-partners-2,jack farris , undisclosed label packaging company , heartwood partners 2
formula5-acquires-trophy-skin-advised-by-parcrest,NA,formula5 , trophy skin advised by parcrest
elvisridge-capital-acquires-surfacelogix-advised-by-first-choice-business-brokers,NA,elvisridge capital , surfacelogix advised by first choice business brokers
decathlon-capital-partners-provided-capital-to-directderm,decathlon capital partners provided capital to directderm,unchecked,unchecked
camano-capital-acquired-e-cloth,NA,camano capital , e cloth
imb-partners-acquires-ashburn-consulting,NA,imb partners , ashburn consulting
saltwater-capital-llc-acquired-logistimatics,NA,saltwater capital llc , logistimatics
tide-rock-holdings-acquires-bewell-network-advised-by-select-business-sales,NA,tide rock holdings , bewell network advised by select business sales
the-courtney-group-acquires-tenacore-advised-by-exodus-business-solutions,NA,the courtney group , tenacore advised by exodus business solutions
365-holdings-acquired-nickis-diapers,NA,365 holdings , nickis diapers
greenbriar-equity-group-l-p-acquired-service-pros-as-an-add-on-for-gb-auto-service-inc,NA,greenbriar equity group l p , service pros as an add on for gb auto service inc
blackbern-partners-acquired-trilogy-circuits,NA,blackbern partners , trilogy circuits
silverpeak-credit-partners-lp-provided-debt-financing-to-lucky-fortune-llc,silverpeak credit partners lp provided debt financing to lucky fortune llc,unchecked,unchecked
kaho-partners-acquired-north-american-manufacturing-co,NA,kaho partners , north american manufacturing co
ascension-property-services-acquired-bryant-electric-inc,NA,ascension property services , bryant electric inc
klh-acquires-undisclosed-specialty-packaging-company,NA,klh , undisclosed specialty packaging company
druid-capital-partners-acquired-thermex-thermatron-advised-by-dickinson-williams,NA,druid capital partners , thermex thermatron advised by dickinson williams
base-acquires-move-bumpers,NA,base , move bumpers
pfingsten-partners-acquired-rapidair-advised-by-kelly-business-advisors,NA,pfingsten partners , rapidair advised by kelly business advisors
kayne-anderson-capital-partners-invested-in-elevate-services,kayne anderson capital partners invested in elevate services,unchecked,unchecked
lsq-funding-provided-capital-to-zanbato-securities,lsq funding provided capital to zanbato securities,unchecked,unchecked
baymark-partners-acquired-slappey-communications,NA,baymark partners , slappey communications
mertor-invested-in-trinity-technology-group,mertor invested in trinity technology group,unchecked,unchecked
gh-ventures-llc-provided-capital-to-delek-royalty-us,gh ventures llc provided capital to delek royalty us,unchecked,unchecked
north-manitou-partners-invested-in-jason-markk,north manitou partners invested in jason markk,unchecked,unchecked
mcg-civil-acquires-horsepower-site-services,NA,mcg civil , horsepower site services
sunny-river-management-acquired-assured-imaging-for-their-portfolio-company-united-medical-imaging,NA,sunny river management , assured imaging for their portfolio company united medical imaging
ghk-capital-recaps-brown-settle,ghk capital recaps brown settle,unchecked,unchecked
rayser-holdings-acquired-keltek-inc,NA,rayser holdings , keltek inc
silver-peak-partners-acquired-american-alloy-llc,NA,silver peak partners , american alloy llc
pennspring-capital-acquires-virtual-receptionist-standout-securus-contact-systems,NA,pennspring capital , virtual receptionist standout securus contact systems
fenns-parent-company-right-lane-acquires-ab-stretch-and-schlegel-specialty-products,NA,fenns parent company right lane , ab stretch and schlegel specialty products
aclate-inc-acquired-sms-masterminds,NA,aclate inc , sms masterminds
pharos-capital-group-acquired-aba-of-north-texas,NA,pharos capital group , aba of north texas
avon-growth-management-acquired-a-manufacturing-company,NA,avon growth management , a manufacturing company
david-froelich-group-acquired-mindmarker-advised-by-bravaldo-capital-advisors,NA,david froelich group , mindmarker advised by bravaldo capital advisors
avon-growth-acquired-unity-graphics-engraving,NA,avon growth , unity graphics engraving
sunny-river-management-acquired-secure-fire-protection,NA,sunny river management , secure fire protection
sage-metals-a-portfolio-company-of-delos-capital-ar2-acquires-trident-components,NA,sage metals a portfolio company of delos capital ar2 , trident components
sallyport-commercial-finance-provided-capital-to-breezer-holdings-llc,sallyport commercial finance provided capital to breezer holdings llc,unchecked,unchecked
hillcrest-holdings-acquired-converged-security-solutions,NA,hillcrest holdings , converged security solutions
noverra-group-of-companies-acquired-troy-forming-concrete-inc,NA,noverra group of companies , troy forming concrete inc
blackstone-invested-in-aqua-finance,blackstone invested in aqua finance,unchecked,unchecked
capitala-group-provided-capital-to-support-cold-bores-investment-in-optio-rx,capitala group provided capital to support cold bores investment in optio rx,unchecked,unchecked
pennspring-capital-acquired-professional-systems-software-technology-psst,NA,pennspring capital , professional systems software technology psst
trinity-consultants-acquired-advent-engineering,NA,trinity consultants , advent engineering
bluff-point-associates-acquires-ads-data-systems,NA,bluff point associates , ads data systems
dane-manufacturing-acquired-dantherm,NA,dane manufacturing , dantherm
taglich-private-equity-acquired-etech-environmental-safety-solutions-inc,NA,taglich private equity , etech environmental safety solutions inc
adventur-es-acquired-tepco,NA,adventur es , tepco
waterside-capital-partners-acquired-original-juan-specialty-foods,NA,waterside capital partners , original juan specialty foods
ncgcare-acquired-grace-harbour,NA,ncgcare , grace harbour
eckhart-inc-portfolio-company-lfm-capital-acquired-logic-plus,NA,eckhart inc portfolio company lfm capital , logic plus
delos-capital-acquires-sage-metals-limited,NA,delos capital , sage metals limited
ninth-street-capital-partners-acquires-okeefe-inc,NA,ninth street capital partners , okeefe inc
spectra-provided-capital-bdl-water-technologies-llc,spectra provided capital bdl water technologies llc,unchecked,unchecked
baymark-partners-acquired-coastal-screen-rail,NA,baymark partners , coastal screen rail
fremont-wright-llc-acquires-f-rooks-associates-llc,NA,fremont wright llc , f rooks associates llc
juniper-capital-management-acquired-green-mountain-pipelines-services-mr-rehab-sewer-system-rehabilitation,NA,juniper capital management , green mountain pipelines services mr rehab sewer system rehabilitation
evangeline-securities-advises-ducky-johnson-home-elevations-on-sachs-capital-investment,evangeline securities , ducky johnson home elevations on sachs capital investment,uncheched exeption
atlantic-street-capital-acquires-loris-gifts,NA,atlantic street capital , loris gifts
silver-fox-partners-provides-growth-capital-renegade-brewing,silver fox partners provides growth capital renegade brewing,unchecked,unchecked
palletone-acquires-north-east-texas-pallet-inc,NA,palletone , north east texas pallet inc
clavis-capital-partners-completes-investment-in-azimuth-technology,clavis capital partners completes investment in azimuth technology,unchecked,unchecked
togetherwork-acquired-chaverware,NA,togetherwork , chaverware
togetherwork-acquires-gingr-innovator-pet-services-software,NA,togetherwork , gingr innovator pet services software
alaris-royalty-corp-provides-growth-capital-cc-communications-llc,alaris royalty corp provides growth capital cc communications llc,unchecked,unchecked
hillstar-capital-makes-equity-investment-jerrys-services-subsidiary-onecor-services,hillstar capital makes equity investment jerrys services subsidiary onecor services,unchecked,unchecked
telintel-partners-secures-growth-financing-decathlon-capital-partners,telintel partners secures growth financing decathlon capital partners,unchecked,unchecked
soundcore-capital-partners-llc-acquires-bartley-pump-inc,NA,soundcore capital partners llc , bartley pump inc
dnn-corp-acquired-esw-capital,NA,dnn corp , esw capital
thornblade-capital-acquires-food-distribution-company,NA,thornblade capital , food distribution company
hillstar-capital-acquired-environmental-remediation-services,NA,hillstar capital , environmental remediation services
intertech-acquired-communications-integrators,NA,intertech , communications integrators
patoka-capital-llc-acquired-cyber-sciences-inc,NA,patoka capital llc , cyber sciences inc
wood-group-acquires-cec-controls-company-inc,NA,wood group , cec controls company inc
crossroads-industrial-services-acquired-antunes-pressure-switches,NA,crossroads industrial services , antunes pressure switches
advised-by-ebb-group-fore-machine-company-inc-and-aero-components-inc-have-been-acquired-by-p4g-capital-partners,NA,advised by ebb group fore machine company inc and aero components inc have been , by p4g capital partners
traverse-pointe-partners-acquired-redi-bag-inc,NA,traverse pointe partners , redi bag inc
cyberlinkasp-subsidiary-esw-capital-acquires-roseasp,NA,cyberlinkasp subsidiary esw capital , roseasp
advised-svg-capital-group-edynamic-learning-secures-investment-gauge-capital,advised svg capital group edynamic learning secures investment gauge capital,unchecked,unchecked
koda-enterprises-group-acquires-v-tek-inc,NA,koda enterprises group , v tek inc
advised-lawrence-evans-co-medworxs-secured-growth-capital-grenville-src,advised lawrence evans co medworxs secured growth capital grenville src,unchecked,unchecked
precocity-llc-acquired-gtt-software-technologies-inc,NA,precocity llc , gtt software technologies inc
sterling-partners-invests-grand-rapids-ophthalmology,sterling partners invests grand rapids ophthalmology,unchecked,unchecked
gutterglove-inc-received-debt-financing-noble-funding,gutterglove inc received debt financing noble funding,unchecked,unchecked
mw-hot-oil-inc-secures-financing-gemcap-lending,mw hot oil inc secures financing gemcap lending,unchecked,unchecked
advised-by-cascadia-capital-kenex-holdings-breslow-forsythe-group-co-invest-in-bubbies-homemade-ice-cream,advised by cascadia capital kenex holdings breslow forsythe group co invest in bubbies homemade ice cream,unchecked,unchecked
courtney-group-inc-acquired-flojos,NA,courtney group inc , flojos
dj-beverage-innovations-llc-acquired-spi-products-inc,NA,dj beverage innovations llc , spi products inc
services-company-advised-yale-group-secured-financing-able-lending,services company advised yale group secured financing able lending,unchecked,unchecked
auctus-group-inc-acquires-klg-consultants,NA,auctus group inc , klg consultants
waypoint-capital-partners-provides-growth-financing-dme-express,waypoint capital partners provides growth financing dme express,unchecked,unchecked
able-lending-provides-debt-financing-tortoise-blonde-advised-young-america-capital,able lending provides debt financing tortoise blonde advised young america capital,unchecked,unchecked
able-lending-provides-growth-financing-therafit-advised-young-america-capital,able lending provides growth financing therafit advised young america capital,unchecked,unchecked
longwater-opportunities-acquired-fox-river-mills-inc,NA,longwater opportunities , fox river mills inc
lnc-partners-invests-outsolve,lnc partners invests outsolve,unchecked,unchecked
young-america-capital-secures-financing-hercutech-inc,young america capital secures financing hercutech inc,unchecked,unchecked
cpxi-secures-abl-financing-gibraltar-business-capital,cpxi secures abl financing gibraltar business capital,unchecked,unchecked
white-wolf-capital-llc-recapitalized-nsc-technologies,white wolf capital llc recapitalized nsc technologies,unchecked,unchecked
bluejay-advisors-assists-kjms-acquisition-watkins-refrigerated,bluejay advisors assists kjms acquisition watkins refrigerated,unchecked,unchecked
goode-partners-llc-acquired-stonefire-grill-inc,NA,goode partners llc , stonefire grill inc
ignite-technologies-acquired-thinkvine,NA,ignite technologies , thinkvine
local-marketing-sterling-commercial-credit,local marketing sterling commercial credit,unchecked,unchecked
yenni-capital-benchmark-international,yenni capital benchmark international,unchecked,unchecked
mens-clinic-enterprises-acquired-alitus-partners,NA,mens clinic enterprises , alitus partners
crown-linen-acquired-laundry-plus,NA,crown linen , laundry plus
sila-capital-llc-pavilion-properties,sila capital llc pavilion properties,unchecked,unchecked
capricorn-healthcare-acquires-centria-healthcare,NA,capricorn healthcare , centria healthcare
airt-acquired-contrail,NA,airt , contrail
valero-capital-partners-acquired-vacuum-instrument-corporation,NA,valero capital partners , vacuum instrument corporation
white-wolf-capital-acquired-consulting-solutions-international,NA,white wolf capital , consulting solutions international
addison-capital-partners-acquired-img,NA,addison capital partners , img
tower-arch-palmares,tower arch palmares,unchecked,unchecked
cenergy-acquired-universal-staffing-services,NA,cenergy , universal staffing services
timepiece-capital-inc-gemini-investors-make-control-investment-hq-machine,timepiece capital inc gemini investors make control investment hq machine,unchecked,unchecked
sterling-capital-credit-acquires-ganwood-company,NA,sterling capital credit , ganwood company
golden-mountain-management-acquires-nationwide-equipment-service-installation-company,NA,golden mountain management , nationwide equipment service installation company
azalea-capital-invests-jones-natural-chews,azalea capital invests jones natural chews,unchecked,unchecked
moorgate-partners-acquires-itc-service-group,NA,moorgate partners , itc service group
hall-capital-partners-acquired-4knines,NA,hall capital partners , 4knines
advised-equity-partners-hg-ventoux-partners-portfolio-company-bmc-global-acquires-peters-machine-inc,NA,advised equity partners hg ventoux partners portfolio company bmc global , peters machine inc
kuzari-group-invests-sun-air-express,kuzari group invests sun air express,unchecked,unchecked
evolution-provided-capital-monolith,evolution provided capital monolith,unchecked,unchecked
interiormark-received-debt-financing-noble-funding,interiormark received debt financing noble funding,unchecked,unchecked
lighthouse-equity-partners-acquires-adperfect,NA,lighthouse equity partners , adperfect
monroe-capital-provides-financing-to-amc,monroe capital provides financing to amc,unchecked,unchecked
excelsior-capital-partners-invested-in-blisslights,excelsior capital partners invested in blisslights,unchecked,unchecked
super-g-finances-wild-calling,super g finances wild calling,unchecked,unchecked
elm-grove-partners-acquired-capitol-digital-document-solutions,NA,elm grove partners , capitol digital document solutions
silver-peak-partners-acquires-pro-vac-llc,NA,silver peak partners , pro vac llc
gibson-investment-group-acquires-iq-logic,NA,gibson investment group , iq logic
dowco-technology-services-is-acquired-by-cansel-survey-equipment,NA,dowco technology services is , by cansel survey equipment
acacia-group-facilitates-noverra-group-acquisition-thorpe-design,acacia group facilitates noverra group acquisition thorpe design,unchecked,unchecked
source-capital-mezz-debt-knight-dental-group,source capital mezz debt knight dental group,unchecked,unchecked
arch-global-precision-acquires-msl-precision,NA,arch global precision , msl precision
geritrex-acquires-purinepharma,NA,geritrex , purinepharma
alpine-invests-in-optima,alpine invests in optima,unchecked,unchecked
rift-valley-acquires-amt,NA,rift valley , amt
industrial-inspection-analysis-acquires-qc-group,NA,industrial inspection analysis , qc group
cross-keys-capital-advises-fresh-ready-foods-sale-akoya-capital-partners-merges-food-evolution-llc,cross keys capital , fresh ready foods sale akoya capital partners merges food evolution llc,uncheched exeption
front-nine-capital-acquires-mainly-monograms,NA,front nine capital , mainly monograms
noble-funding-provided-debt-financing-madsky-roofing,noble funding provided debt financing madsky roofing,unchecked,unchecked
ansaco-acquires-johnson-hoffman,NA,ansaco , johnson hoffman
proper-group-international-recapitalized-pinebridge-investments,proper group international recapitalized pinebridge investments,unchecked,unchecked
genere-food-corporation-received-debt-financing-noble-funding,genere food corporation received debt financing noble funding,unchecked,unchecked
dxcontinuum-secures-series-funding-cequel-iii-llc,dxcontinuum secures series funding cequel iii llc,unchecked,unchecked
consolidated-investment-group-acquired-assets-sicilian-chefs-inc,NA,consolidated investment group , assets sicilian chefs inc
individual-investor-buys-ovvio-oils,individual investor buys ovvio oils,unchecked,unchecked
super-g-capital-provided-debt-financing-clicknotices,super g capital provided debt financing clicknotices,unchecked,unchecked
isaac-organization-sourced-through-fhl-capital-corporation,isaac organization sourced through fhl capital corporation,unchecked,unchecked
landmark-ventures-advised-ziften,landmark ventures advised ziften,unchecked,unchecked
timpanogos-capital-partners-acquired-fmt-solutions,NA,timpanogos capital partners , fmt solutions
belhealth-investment-partners-acquired-geritrex-corp,NA,belhealth investment partners , geritrex corp
sterling-commercial-credit-extended-credit-to-furniture-manufacturing-company,sterling commercial credit extended credit to furniture manufacturing company,unchecked,unchecked
horizon-bradco-acquired-allied-mechanical-services-llc,NA,horizon bradco , allied mechanical services llc
grenville-strategic-royalty-corp-extended-credit-to-trugolf,grenville strategic royalty corp extended credit to trugolf,unchecked,unchecked
gemini-invests-in-conditioned-air,gemini invests in conditioned air,unchecked,unchecked
high-road-capital-acquired-cali-bamboo,NA,high road capital , cali bamboo
lighter-capital-provides-debt-financing-officework-software,lighter capital provides debt financing officework software,unchecked,unchecked
whitewolf-capital-partners-sourced-through-newpoint-capital-partners,whitewolf capital partners sourced through newpoint capital partners,unchecked,unchecked
lfm-capital-acquired-eckhardt-associates,NA,lfm capital , eckhardt associates
windsail-capital-group-invested-in-growthpoint-structures,windsail capital group invested in growthpoint structures,unchecked,unchecked
archer-malmo-acquired-tocquigny,NA,archer malmo , tocquigny
aveva-acquired-fabtrol-systems,NA,aveva , fabtrol systems
pleasant-bay-capital-partners-invests-in-medtouch,pleasant bay capital partners invests in medtouch,unchecked,unchecked
east-coast-family-office-axial-member-provides-capital-true-life-companies,east coast family office axial member provides capital true life companies,unchecked,unchecked
sterling-commercial-credit-sourced-through-madison-street-capital,sterling commercial credit sourced through madison street capital,unchecked,unchecked
hall-capital-acquired-telegraph-hill-robes,NA,hall capital , telegraph hill robes
tennenbaum-capital-finances-cargojet,tennenbaum capital finances cargojet,unchecked,unchecked
metric-collective-acquires-dandelion,NA,metric collective , dandelion
multifunding-sourced-through-metal-x-direct,multifunding sourced through metal x direct,unchecked,unchecked
usph-acquires-momentum,NA,usph , momentum
pfingsten-acquired-burton-saw,NA,pfingsten , burton saw
evolve-ip-acquired-webcore-technologies,NA,evolve ip , webcore technologies
acquired-3,NA,, 3
acquired-4,NA,, 4
sterling-partners-acquired-surgical-solutions,NA,sterling partners , surgical solutions
pcx-aerostructures-acquired-cam-tech-manufacturing,NA,pcx aerostructures , cam tech manufacturing
bridge-investments-invested-in-mack-weldon,bridge investments invested in mack weldon,unchecked,unchecked
windsail-capital-group-invested-in-genera-energy,windsail capital group invested in genera energy,unchecked,unchecked
greybull-stewardship-acquires-summit-professional-education,NA,greybull stewardship , summit professional education
medmine-raised-growth-capital-amerinet,medmine raised growth capital amerinet,unchecked,unchecked
elm-creek-partners-acquired-the-care-group-of-texas,NA,elm creek partners , the care group of texas
financed,financed,unchecked,unchecked
advised-highbank-ads-direct-media-inc-secured-senior-credit-facility-full-circle-capital,advised highbank ads direct media inc secured senior credit facility full circle capital,unchecked,unchecked
brs-acquires-new-archery-products,NA,brs , new archery products
us-shale-solutions-acquired-4-energy-services-companies,NA,us shale solutions , 4 energy services companies
advised-peakstone-group-food-evolution-llc-acquired-akoya-capital-partners,NA,advised peakstone group food evolution llc , akoya capital partners
merion-investment-partners-provided-acquisition-financing-for-tamroc-partners,merion investment partners provided acquisition financing for tamroc partners,unchecked,unchecked
plymouth-rock-capital-advises-golden-corral-in-recapitalization-financing,plymouth rock capital , golden corral in recapitalization financing,uncheched exeption
mcculloch-capital-advisors-invests-clicknotices,mcculloch capital advisors invests clicknotices,unchecked,unchecked
leeds-novamark-capital-invested-in-commercial-foodservice-repair,leeds novamark capital invested in commercial foodservice repair,unchecked,unchecked
blue-diamond-capital,blue diamond capital,unchecked,unchecked
charter-oak-acquired-seaboard,NA,charter oak , seaboard
rubcion-invests-in-astue,rubcion invests in astue,unchecked,unchecked
bbx-sweet-holdings-acquires-helen-grace-chocolates,NA,bbx sweet holdings , helen grace chocolates
bbx-sweet-holdings-acquires-jers-chocolates,NA,bbx sweet holdings , jers chocolates
base-equity-partners-invested-act-lighting,base equity partners invested act lighting,unchecked,unchecked
marquette-capital-partners-provided-capital-for-avislube,marquette capital partners provided capital for avislube,unchecked,unchecked
five-points-healthcare-acquires-bestcare-home-care,NA,five points healthcare , bestcare home care
quest-partners-sourced-through-madison-street-capital,quest partners sourced through madison street capital,unchecked,unchecked
tamroc-partners-invested-in-naveos,tamroc partners invested in naveos,unchecked,unchecked
oroco-finances-acquisition-of-ops,oroco finances acquisition of ops,unchecked,unchecked
lighter-capital-funded-tour-de-force-crm-growth-initiative,lighter capital funded tour de force crm growth initiative,unchecked,unchecked
shoreview-industries-sourced-through-business-capital-exchange,shoreview industries sourced through business capital exchange,unchecked,unchecked
skyway-capital-partners-announces-the-sale-of-pearce-services-inc-to-willcrest-partners,skyway capital partners announces the sale of pearce services inc to willcrest partners,unchecked,unchecked
jsd-management-consulting-acquired-mountain-pure,NA,jsd management consulting , mountain pure
blackrose-advisors-sold-midwest-cooling-tower-services,blackrose advisors sold midwest cooling tower services,unchecked,unchecked
rlj-credit-funds-growth-acquisition-for-sharetracker,rlj credit funds growth acquisition for sharetracker,unchecked,unchecked
peninsula-pacific-acquired-wismarq,NA,peninsula pacific , wismarq
brandford-castle-acquires-florida-restaurant-chain,NA,brandford castle , florida restaurant chain
coughlin-capital-acquired-on-time-lighting,NA,coughlin capital , on time lighting
tregaron-capital-acquired-ust-corp,NA,tregaron capital , ust corp
acquired,NA,,
beringea-recapitalized-fiber-products,beringea recapitalized fiber products,unchecked,unchecked
m-c-dean-sourced-through-txibb,m c dean sourced through txibb,unchecked,unchecked
kuzari-group-refinanced-rollo-mio-artisan-bakery,kuzari group refinanced rollo mio artisan bakery,unchecked,unchecked
1347-capital-acquired-trinity,NA,1347 capital , trinity
gh-ventures-provided-capital-platinum-training,gh ventures provided capital platinum training,unchecked,unchecked
capital-southwest-completed-an-8-million-preferred-equity-investment-in-deepwater-corrosion-services-inc,capital southwest completed an 8 million preferred equity investment in deepwater corrosion services inc,unchecked,unchecked
vr-mergers-acquisitions-edmonton-sold-peterson-land-consulting,vr mergers acquisitions edmonton sold peterson land consulting,unchecked,unchecked
kidd-company-acquired-imaginetics,NA,kidd company , imaginetics
enhanced-capital-partners-financed-hometown-oxygen,enhanced capital partners financed hometown oxygen,unchecked,unchecked
harbour-group-acquired-onicon,NA,harbour group , onicon
one-eighty-capital-acquired-bg-oilfield-services,NA,one eighty capital , bg oilfield services
synalloy-acquired-palmer-of-texas,NA,synalloy , palmer of texas
clearlight-partners-acquired-intoxalock,NA,clearlight partners , intoxalock
the-danto-burks-group-advised-raptor-technologies,the danto burks group advised raptor technologies,unchecked,unchecked
briggs-capital-sold-cadec,briggs capital sold cadec,unchecked,unchecked
eureka-growth-capital-recapitalizes-total-military-management,eureka growth capital recapitalizes total military management,unchecked,unchecked
cove-point-holdings-acquired-gulf-coast-supply-manufacturing,NA,cove point holdings , gulf coast supply manufacturing
sentinel-capital-acquires-precision-pipeline-solutions,NA,sentinel capital , precision pipeline solutions
